column_name,business_meaning,raw_dtype,expected_dtype,unit,allowed_values,missing_meaning,cleaning_rule,quality_risk,owner
cat2_slug,شناسه رده اصلی بازار در منبع.,String,String,none,residential-sell | commercial-sell | residential-rent | commercial-rent | temporary-rent | real-estate-services,مقدار خام اصولاً الزامی است؛ Missing نشان‌دهنده نقص منبع یا خطای ورود داده است.,حفظ مقدار خام برای ممیزی؛ تبدیل نوع در ستون مشتق‌شده جداگانه در Silver انجام می‌شود.,تغییر دامنه منبع، برچسب ناشناخته، Missing بالا یا ناسازگاری بین رده‌ها.,Phase 1 - Data Audit
cat3_slug,شناسه رده جزئی آگهی در منبع.,String,String,none,source-controlled slug domain | null where permitted,ویژگی ثبت نشده، برای نوع ملک موضوعیت ندارد، یا در منبع موجود نبوده است.,حفظ مقدار خام برای ممیزی؛ تبدیل نوع در ستون مشتق‌شده جداگانه در Silver انجام می‌شود.,تغییر دامنه منبع، برچسب ناشناخته، Missing بالا یا ناسازگاری بین رده‌ها.,Phase 1 - Data Audit
city_slug,شناسه متنی شهر در منبع.,String,String,none,source-controlled slug domain | null where permitted,ویژگی ثبت نشده، برای نوع ملک موضوعیت ندارد، یا در منبع موجود نبوده است.,حفظ مقدار خام برای ممیزی؛ تبدیل نوع در ستون مشتق‌شده جداگانه در Silver انجام می‌شود.,تغییر دامنه منبع، برچسب ناشناخته، Missing بالا یا ناسازگاری بین رده‌ها.,Phase 1 - Data Audit
neighborhood_slug,شناسه متنی محله در منبع.,String,String,none,source-controlled slug domain | null where permitted,ویژگی ثبت نشده، برای نوع ملک موضوعیت ندارد، یا در منبع موجود نبوده است.,حفظ مقدار خام برای ممیزی؛ تبدیل نوع در ستون مشتق‌شده جداگانه در Silver انجام می‌شود.,تغییر دامنه منبع، برچسب ناشناخته، Missing بالا یا ناسازگاری بین رده‌ها.,Phase 1 - Data Audit
created_at_month,زمان ماهانه ثبت آگهی به‌صورت متن خام.,String,String,UTC_timestamp_or_source_datetime,datetime text matching %Y-%m-%d %H:%M:%S,مقدار خام اصولاً الزامی است؛ Missing نشان‌دهنده نقص منبع یا خطای ورود داده است.,حفظ مقدار خام برای ممیزی؛ تبدیل نوع در ستون مشتق‌شده جداگانه در Silver انجام می‌شود.,تغییر دامنه منبع، برچسب ناشناخته، Missing بالا یا ناسازگاری بین رده‌ها.,Phase 1 - Data Audit
user_type,نوع ثبت‌کننده آگهی، مانند شخصی یا کسب‌وکار.,String,String,none,source-controlled categorical or text domain | null,ویژگی ثبت نشده، برای نوع ملک موضوعیت ندارد، یا در منبع موجود نبوده است.,حفظ مقدار خام برای ممیزی؛ تبدیل نوع در ستون مشتق‌شده جداگانه در Silver انجام می‌شود.,تغییر دامنه منبع، برچسب ناشناخته، Missing بالا یا ناسازگاری بین رده‌ها.,Phase 1 - Data Audit
description,متن توضیحات آگهی.,String,String,none,free text; UTF-8; empty/null permitted only as observed in source,مقدار خام اصولاً الزامی است؛ Missing نشان‌دهنده نقص منبع یا خطای ورود داده است.,حفظ مقدار خام برای ممیزی؛ تبدیل نوع در ستون مشتق‌شده جداگانه در Silver انجام می‌شود.,متن آزاد، نویسه‌های فارسی/عربی، تبلیغات، اطلاعات متناقض و ریسک حریم خصوصی.,Phase 1 - Data Audit
title,عنوان آگهی.,String,String,none,free text; UTF-8; empty/null permitted only as observed in source,ویژگی ثبت نشده، برای نوع ملک موضوعیت ندارد، یا در منبع موجود نبوده است.,حفظ مقدار خام برای ممیزی؛ تبدیل نوع در ستون مشتق‌شده جداگانه در Silver انجام می‌شود.,متن آزاد، نویسه‌های فارسی/عربی، تبلیغات، اطلاعات متناقض و ریسک حریم خصوصی.,Phase 1 - Data Audit
rent_mode,حالت اجاره: مقطوع، توافقی یا مجانی.,String,String,none,مقطوع | توافقی | مجانی | null,ویژگی ثبت نشده، برای نوع ملک موضوعیت ندارد، یا در منبع موجود نبوده است.,حفظ مقدار خام برای ممیزی؛ تبدیل نوع در ستون مشتق‌شده جداگانه در Silver انجام می‌شود.,تغییر دامنه منبع، برچسب ناشناخته، Missing بالا یا ناسازگاری بین رده‌ها.,Phase 1 - Data Audit
rent_value,مبلغ اجاره ماهانه خام.,String,String,toman_per_month,numeric text >= 0; Persian/Arabic/ASCII digits and separators may occur,مؤلفه قیمت برای رژیم آگهی موضوعیت ندارد، ثبت نشده، یا توافقی است.,حفظ مقدار خام برای ممیزی؛ تبدیل نوع در ستون مشتق‌شده جداگانه در Silver انجام می‌شود.,واحد پول در مستند منبع تأیید نشده؛ احتمال توافقی/مجانی، جداکننده و رقم فارسی/عربی؛ قیمت‌ها پیشنهادی‌اند.,Phase 1 - Data Audit
rent_to_single,آیا اجاره به فرد مجرد مجاز است.,String,String,none,true | false | null,ویژگی در آگهی ثبت نشده، برای نوع ملک موضوعیت ندارد، یا وضعیت آن نامشخص است؛ Missing معادل false نیست.,حفظ مقدار خام برای ممیزی؛ تبدیل نوع در ستون مشتق‌شده جداگانه در Silver انجام می‌شود.,Missing یا unselect ممکن است اشتباهاً به‌عنوان false تفسیر شود.,Phase 1 - Data Audit
rent_type,نوع اجاره طبق برچسب منبع.,String,String,none,source-controlled categorical or text domain | null,ویژگی ثبت نشده، برای نوع ملک موضوعیت ندارد، یا در منبع موجود نبوده است.,حفظ مقدار خام برای ممیزی؛ تبدیل نوع در ستون مشتق‌شده جداگانه در Silver انجام می‌شود.,تغییر دامنه منبع، برچسب ناشناخته، Missing بالا یا ناسازگاری بین رده‌ها.,Phase 1 - Data Audit
price_mode,حالت قیمت: مقطوع، توافقی یا مجانی.,String,String,none,مقطوع | توافقی | مجانی | null,ویژگی ثبت نشده، برای نوع ملک موضوعیت ندارد، یا در منبع موجود نبوده است.,حفظ مقدار خام برای ممیزی؛ تبدیل نوع در ستون مشتق‌شده جداگانه در Silver انجام می‌شود.,تغییر دامنه منبع، برچسب ناشناخته، Missing بالا یا ناسازگاری بین رده‌ها.,Phase 1 - Data Audit
price_value,قیمت فروش یا قیمت اصلی آگهی به‌صورت متن خام.,String,String,toman,numeric text >= 0; Persian/Arabic/ASCII digits and separators may occur,مؤلفه قیمت برای رژیم آگهی موضوعیت ندارد، ثبت نشده، یا توافقی است.,حفظ مقدار خام برای ممیزی؛ تبدیل نوع در ستون مشتق‌شده جداگانه در Silver انجام می‌شود.,واحد پول در مستند منبع تأیید نشده؛ احتمال توافقی/مجانی، جداکننده و رقم فارسی/عربی؛ قیمت‌ها پیشنهادی‌اند.,Phase 1 - Data Audit
credit_mode,حالت ودیعه: مقطوع، توافقی یا مجانی.,String,String,none,مقطوع | توافقی | مجانی | null,ویژگی ثبت نشده، برای نوع ملک موضوعیت ندارد، یا در منبع موجود نبوده است.,حفظ مقدار خام برای ممیزی؛ تبدیل نوع در ستون مشتق‌شده جداگانه در Silver انجام می‌شود.,تغییر دامنه منبع، برچسب ناشناخته، Missing بالا یا ناسازگاری بین رده‌ها.,Phase 1 - Data Audit
credit_value,مبلغ ودیعه خام.,String,String,toman,numeric text >= 0; Persian/Arabic/ASCII digits and separators may occur,مؤلفه قیمت برای رژیم آگهی موضوعیت ندارد، ثبت نشده، یا توافقی است.,حفظ مقدار خام برای ممیزی؛ تبدیل نوع در ستون مشتق‌شده جداگانه در Silver انجام می‌شود.,واحد پول در مستند منبع تأیید نشده؛ احتمال توافقی/مجانی، جداکننده و رقم فارسی/عربی؛ قیمت‌ها پیشنهادی‌اند.,Phase 1 - Data Audit
rent_credit_transform,امکان تبدیل رهن و اجاره طبق منبع.,String,String,none,true | false | null,ویژگی در آگهی ثبت نشده، برای نوع ملک موضوعیت ندارد، یا وضعیت آن نامشخص است؛ Missing معادل false نیست.,حفظ مقدار خام برای ممیزی؛ تبدیل نوع در ستون مشتق‌شده جداگانه در Silver انجام می‌شود.,Missing یا unselect ممکن است اشتباهاً به‌عنوان false تفسیر شود.,Phase 1 - Data Audit
transformable_price,قابلیت تبدیل یا تغییر ساختار قیمت طبق منبع.,String,String,none,true | false | null,ویژگی در آگهی ثبت نشده، برای نوع ملک موضوعیت ندارد، یا وضعیت آن نامشخص است؛ Missing معادل false نیست.,حفظ مقدار خام برای ممیزی؛ تبدیل نوع در ستون مشتق‌شده جداگانه در Silver انجام می‌شود.,Missing یا unselect ممکن است اشتباهاً به‌عنوان false تفسیر شود.,Phase 1 - Data Audit
transformable_credit,مبلغ ودیعه قابل تبدیل ثبت‌شده در منبع.,String,String,toman,numeric text >= 0; Persian/Arabic/ASCII digits and separators may occur,مؤلفه قیمت برای رژیم آگهی موضوعیت ندارد، ثبت نشده، یا توافقی است.,حفظ مقدار خام برای ممیزی؛ تبدیل نوع در ستون مشتق‌شده جداگانه در Silver انجام می‌شود.,واحد پول در مستند منبع تأیید نشده؛ احتمال توافقی/مجانی، جداکننده و رقم فارسی/عربی؛ قیمت‌ها پیشنهادی‌اند.,Phase 1 - Data Audit
transformed_credit,مبلغ ودیعه تبدیل‌شده ثبت‌شده در منبع.,String,String,toman,numeric text >= 0; Persian/Arabic/ASCII digits and separators may occur,مؤلفه قیمت برای رژیم آگهی موضوعیت ندارد، ثبت نشده، یا توافقی است.,حفظ مقدار خام برای ممیزی؛ تبدیل نوع در ستون مشتق‌شده جداگانه در Silver انجام می‌شود.,واحد پول در مستند منبع تأیید نشده؛ احتمال توافقی/مجانی، جداکننده و رقم فارسی/عربی؛ قیمت‌ها پیشنهادی‌اند.,Phase 1 - Data Audit
transformable_rent,مبلغ اجاره قابل تبدیل ثبت‌شده در منبع.,String,String,toman_per_month,numeric text >= 0; Persian/Arabic/ASCII digits and separators may occur,مؤلفه قیمت برای رژیم آگهی موضوعیت ندارد، ثبت نشده، یا توافقی است.,حفظ مقدار خام برای ممیزی؛ تبدیل نوع در ستون مشتق‌شده جداگانه در Silver انجام می‌شود.,واحد پول در مستند منبع تأیید نشده؛ احتمال توافقی/مجانی، جداکننده و رقم فارسی/عربی؛ قیمت‌ها پیشنهادی‌اند.,Phase 1 - Data Audit
transformed_rent,مبلغ اجاره تبدیل‌شده ثبت‌شده در منبع.,String,String,toman_per_month,numeric text >= 0; Persian/Arabic/ASCII digits and separators may occur,مؤلفه قیمت برای رژیم آگهی موضوعیت ندارد، ثبت نشده، یا توافقی است.,حفظ مقدار خام برای ممیزی؛ تبدیل نوع در ستون مشتق‌شده جداگانه در Silver انجام می‌شود.,واحد پول در مستند منبع تأیید نشده؛ احتمال توافقی/مجانی، جداکننده و رقم فارسی/عربی؛ قیمت‌ها پیشنهادی‌اند.,Phase 1 - Data Audit
land_size,مساحت زمین به‌صورت متن خام.,String,String,source_text; intended sqm/meter,numeric text in source domain | null,ویژگی ثبت نشده، برای نوع ملک موضوعیت ندارد، یا در منبع موجود نبوده است.,حفظ مقدار خام برای ممیزی؛ تبدیل نوع در ستون مشتق‌شده جداگانه در Silver انجام می‌شود.,برچسب‌های سقف‌دار، مقادیر نامعقول، عدم موضوعیت و ابهام معنایی بین انواع ملک.,Phase 1 - Data Audit
building_size,مساحت بنا یا مساحت اصلی ثبت‌شده به‌صورت متن خام.,String,String,source_text; intended sqm/meter,numeric text in source domain | null,ویژگی ثبت نشده، برای نوع ملک موضوعیت ندارد، یا در منبع موجود نبوده است.,حفظ مقدار خام برای ممیزی؛ تبدیل نوع در ستون مشتق‌شده جداگانه در Silver انجام می‌شود.,برچسب‌های سقف‌دار، مقادیر نامعقول، عدم موضوعیت و ابهام معنایی بین انواع ملک.,Phase 1 - Data Audit
deed_type,نوع سند ملک.,String,String,none,source-controlled categorical or text domain | null,ویژگی ثبت نشده، برای نوع ملک موضوعیت ندارد، یا در منبع موجود نبوده است.,حفظ مقدار خام برای ممیزی؛ تبدیل نوع در ستون مشتق‌شده جداگانه در Silver انجام می‌شود.,تغییر دامنه منبع، برچسب ناشناخته، Missing بالا یا ناسازگاری بین رده‌ها.,Phase 1 - Data Audit
has_business_deed,وجود سند تجاری.,String,String,none,true | false | null,ویژگی در آگهی ثبت نشده، برای نوع ملک موضوعیت ندارد، یا وضعیت آن نامشخص است؛ Missing معادل false نیست.,حفظ مقدار خام برای ممیزی؛ تبدیل نوع در ستون مشتق‌شده جداگانه در Silver انجام می‌شود.,Missing یا unselect ممکن است اشتباهاً به‌عنوان false تفسیر شود.,Phase 1 - Data Audit
floor,طبقه واحد به‌صورت متن خام.,String,String,none,integer text | 30+ | null,ویژگی ثبت نشده، برای نوع ملک موضوعیت ندارد، یا در منبع موجود نبوده است.,حفظ مقدار خام برای ممیزی؛ تبدیل نوع در ستون مشتق‌شده جداگانه در Silver انجام می‌شود.,برچسب‌های سقف‌دار، مقادیر نامعقول، عدم موضوعیت و ابهام معنایی بین انواع ملک.,Phase 1 - Data Audit
rooms_count,تعداد اتاق به‌صورت برچسب خام.,String,String,count,بدون اتاق | یک | دو | سه | چهار | پنج یا بیشتر | null,ویژگی ثبت نشده، برای نوع ملک موضوعیت ندارد، یا در منبع موجود نبوده است.,حفظ مقدار خام برای ممیزی؛ تبدیل نوع در ستون مشتق‌شده جداگانه در Silver انجام می‌شود.,برچسب‌های سقف‌دار، مقادیر نامعقول، عدم موضوعیت و ابهام معنایی بین انواع ملک.,Phase 1 - Data Audit
total_floors_count,تعداد کل طبقات ساختمان به‌صورت متن خام.,String,String,count,integer text | 30+ | unselect | null,ویژگی ثبت نشده، برای نوع ملک موضوعیت ندارد، یا در منبع موجود نبوده است.,حفظ مقدار خام برای ممیزی؛ تبدیل نوع در ستون مشتق‌شده جداگانه در Silver انجام می‌شود.,برچسب‌های سقف‌دار، مقادیر نامعقول، عدم موضوعیت و ابهام معنایی بین انواع ملک.,Phase 1 - Data Audit
unit_per_floor,تعداد واحد در هر طبقه به‌صورت متن خام.,String,String,none,integer text | more_than_8 | unselect | null,ویژگی ثبت نشده، برای نوع ملک موضوعیت ندارد، یا در منبع موجود نبوده است.,حفظ مقدار خام برای ممیزی؛ تبدیل نوع در ستون مشتق‌شده جداگانه در Silver انجام می‌شود.,برچسب‌های سقف‌دار، مقادیر نامعقول، عدم موضوعیت و ابهام معنایی بین انواع ملک.,Phase 1 - Data Audit
has_balcony,وجود بالکن یا وضعیت انتخاب آن.,String,String,none,true | false | unselect | null,ویژگی در آگهی ثبت نشده، برای نوع ملک موضوعیت ندارد، یا وضعیت آن نامشخص است؛ Missing معادل false نیست.,حفظ مقدار خام برای ممیزی؛ تبدیل نوع در ستون مشتق‌شده جداگانه در Silver انجام می‌شود.,Missing یا unselect ممکن است اشتباهاً به‌عنوان false تفسیر شود.,Phase 1 - Data Audit
has_elevator,وجود آسانسور.,String,String,none,true | false | null,ویژگی در آگهی ثبت نشده، برای نوع ملک موضوعیت ندارد، یا وضعیت آن نامشخص است؛ Missing معادل false نیست.,حفظ مقدار خام برای ممیزی؛ تبدیل نوع در ستون مشتق‌شده جداگانه در Silver انجام می‌شود.,Missing یا unselect ممکن است اشتباهاً به‌عنوان false تفسیر شود.,Phase 1 - Data Audit
has_warehouse,وجود انباری.,String,String,none,true | false | null,ویژگی در آگهی ثبت نشده، برای نوع ملک موضوعیت ندارد، یا وضعیت آن نامشخص است؛ Missing معادل false نیست.,حفظ مقدار خام برای ممیزی؛ تبدیل نوع در ستون مشتق‌شده جداگانه در Silver انجام می‌شود.,Missing یا unselect ممکن است اشتباهاً به‌عنوان false تفسیر شود.,Phase 1 - Data Audit
has_parking,وجود پارکینگ.,String,String,none,true | false | null,ویژگی در آگهی ثبت نشده، برای نوع ملک موضوعیت ندارد، یا وضعیت آن نامشخص است؛ Missing معادل false نیست.,حفظ مقدار خام برای ممیزی؛ تبدیل نوع در ستون مشتق‌شده جداگانه در Silver انجام می‌شود.,Missing یا unselect ممکن است اشتباهاً به‌عنوان false تفسیر شود.,Phase 1 - Data Audit
construction_year,سال ساخت شمسی یا برچسب بازه‌ای خام.,String,String,Jalali_year,Jalali year text | قبل از ۱۳۷۰ | null,ویژگی ثبت نشده، برای نوع ملک موضوعیت ندارد، یا در منبع موجود نبوده است.,حفظ مقدار خام برای ممیزی؛ تبدیل نوع در ستون مشتق‌شده جداگانه در Silver انجام می‌شود.,برچسب‌های سقف‌دار، مقادیر نامعقول، عدم موضوعیت و ابهام معنایی بین انواع ملک.,Phase 1 - Data Audit
is_rebuilt,بازسازی‌شده بودن ملک.,String,String,boolean,true | false | null,ویژگی در آگهی ثبت نشده، برای نوع ملک موضوعیت ندارد، یا وضعیت آن نامشخص است؛ Missing معادل false نیست.,حفظ مقدار خام برای ممیزی؛ تبدیل نوع در ستون مشتق‌شده جداگانه در Silver انجام می‌شود.,Missing یا unselect ممکن است اشتباهاً به‌عنوان false تفسیر شود.,Phase 1 - Data Audit
has_water,وجود انشعاب آب.,String,String,none,true | false | null,ویژگی در آگهی ثبت نشده، برای نوع ملک موضوعیت ندارد، یا وضعیت آن نامشخص است؛ Missing معادل false نیست.,حفظ مقدار خام برای ممیزی؛ تبدیل نوع در ستون مشتق‌شده جداگانه در Silver انجام می‌شود.,Missing یا unselect ممکن است اشتباهاً به‌عنوان false تفسیر شود.,Phase 1 - Data Audit
has_warm_water_provider,نوع یا وضعیت تأمین آب گرم.,String,String,none,source-controlled categorical or text domain | null,ویژگی در آگهی ثبت نشده، برای نوع ملک موضوعیت ندارد، یا وضعیت آن نامشخص است؛ Missing معادل false نیست.,حفظ مقدار خام برای ممیزی؛ تبدیل نوع در ستون مشتق‌شده جداگانه در Silver انجام می‌شود.,Missing یا unselect ممکن است اشتباهاً به‌عنوان false تفسیر شود.,Phase 1 - Data Audit
has_electricity,وجود انشعاب برق.,String,String,none,true | false | null,ویژگی در آگهی ثبت نشده، برای نوع ملک موضوعیت ندارد، یا وضعیت آن نامشخص است؛ Missing معادل false نیست.,حفظ مقدار خام برای ممیزی؛ تبدیل نوع در ستون مشتق‌شده جداگانه در Silver انجام می‌شود.,Missing یا unselect ممکن است اشتباهاً به‌عنوان false تفسیر شود.,Phase 1 - Data Audit
has_gas,وجود انشعاب گاز.,String,String,none,true | false | null,ویژگی در آگهی ثبت نشده، برای نوع ملک موضوعیت ندارد، یا وضعیت آن نامشخص است؛ Missing معادل false نیست.,حفظ مقدار خام برای ممیزی؛ تبدیل نوع در ستون مشتق‌شده جداگانه در Silver انجام می‌شود.,Missing یا unselect ممکن است اشتباهاً به‌عنوان false تفسیر شود.,Phase 1 - Data Audit
has_heating_system,نوع یا وضعیت سیستم گرمایش.,String,String,none,source-controlled categorical or text domain | null,ویژگی در آگهی ثبت نشده، برای نوع ملک موضوعیت ندارد، یا وضعیت آن نامشخص است؛ Missing معادل false نیست.,حفظ مقدار خام برای ممیزی؛ تبدیل نوع در ستون مشتق‌شده جداگانه در Silver انجام می‌شود.,Missing یا unselect ممکن است اشتباهاً به‌عنوان false تفسیر شود.,Phase 1 - Data Audit
has_cooling_system,نوع یا وضعیت سیستم سرمایش.,String,String,none,source-controlled categorical or text domain | null,ویژگی در آگهی ثبت نشده، برای نوع ملک موضوعیت ندارد، یا وضعیت آن نامشخص است؛ Missing معادل false نیست.,حفظ مقدار خام برای ممیزی؛ تبدیل نوع در ستون مشتق‌شده جداگانه در Silver انجام می‌شود.,Missing یا unselect ممکن است اشتباهاً به‌عنوان false تفسیر شود.,Phase 1 - Data Audit
has_restroom,نوع یا وضعیت سرویس بهداشتی.,String,String,none,source-controlled categorical or text domain | null,ویژگی در آگهی ثبت نشده، برای نوع ملک موضوعیت ندارد، یا وضعیت آن نامشخص است؛ Missing معادل false نیست.,حفظ مقدار خام برای ممیزی؛ تبدیل نوع در ستون مشتق‌شده جداگانه در Silver انجام می‌شود.,Missing یا unselect ممکن است اشتباهاً به‌عنوان false تفسیر شود.,Phase 1 - Data Audit
has_security_guard,وجود نگهبان یا خدمات حفاظتی.,String,String,none,true | false | null,ویژگی در آگهی ثبت نشده، برای نوع ملک موضوعیت ندارد، یا وضعیت آن نامشخص است؛ Missing معادل false نیست.,حفظ مقدار خام برای ممیزی؛ تبدیل نوع در ستون مشتق‌شده جداگانه در Silver انجام می‌شود.,Missing یا unselect ممکن است اشتباهاً به‌عنوان false تفسیر شود.,Phase 1 - Data Audit
has_barbecue,وجود امکان باربیکیو.,String,String,none,true | false | null,ویژگی در آگهی ثبت نشده، برای نوع ملک موضوعیت ندارد، یا وضعیت آن نامشخص است؛ Missing معادل false نیست.,حفظ مقدار خام برای ممیزی؛ تبدیل نوع در ستون مشتق‌شده جداگانه در Silver انجام می‌شود.,Missing یا unselect ممکن است اشتباهاً به‌عنوان false تفسیر شود.,Phase 1 - Data Audit
building_direction,جهت جغرافیایی ساختمان.,String,String,none,source-controlled categorical or text domain | null,ویژگی ثبت نشده، برای نوع ملک موضوعیت ندارد، یا در منبع موجود نبوده است.,حفظ مقدار خام برای ممیزی؛ تبدیل نوع در ستون مشتق‌شده جداگانه در Silver انجام می‌شود.,تغییر دامنه منبع، برچسب ناشناخته، Missing بالا یا ناسازگاری بین رده‌ها.,Phase 1 - Data Audit
has_pool,وجود استخر در ملک.,String,String,none,true | false | null,ویژگی در آگهی ثبت نشده، برای نوع ملک موضوعیت ندارد، یا وضعیت آن نامشخص است؛ Missing معادل false نیست.,حفظ مقدار خام برای ممیزی؛ تبدیل نوع در ستون مشتق‌شده جداگانه در Silver انجام می‌شود.,Missing یا unselect ممکن است اشتباهاً به‌عنوان false تفسیر شود.,Phase 1 - Data Audit
has_jacuzzi,وجود جکوزی در ملک.,String,String,none,true | false | null,ویژگی در آگهی ثبت نشده، برای نوع ملک موضوعیت ندارد، یا وضعیت آن نامشخص است؛ Missing معادل false نیست.,حفظ مقدار خام برای ممیزی؛ تبدیل نوع در ستون مشتق‌شده جداگانه در Silver انجام می‌شود.,Missing یا unselect ممکن است اشتباهاً به‌عنوان false تفسیر شود.,Phase 1 - Data Audit
has_sauna,وجود سونا در ملک.,String,String,none,true | false | null,ویژگی در آگهی ثبت نشده، برای نوع ملک موضوعیت ندارد، یا وضعیت آن نامشخص است؛ Missing معادل false نیست.,حفظ مقدار خام برای ممیزی؛ تبدیل نوع در ستون مشتق‌شده جداگانه در Silver انجام می‌شود.,Missing یا unselect ممکن است اشتباهاً به‌عنوان false تفسیر شود.,Phase 1 - Data Audit
floor_material,جنس کف ملک.,String,String,none,source-controlled categorical or text domain | null,ویژگی ثبت نشده، برای نوع ملک موضوعیت ندارد، یا در منبع موجود نبوده است.,حفظ مقدار خام برای ممیزی؛ تبدیل نوع در ستون مشتق‌شده جداگانه در Silver انجام می‌شود.,تغییر دامنه منبع، برچسب ناشناخته، Missing بالا یا ناسازگاری بین رده‌ها.,Phase 1 - Data Audit
property_type,نوع ملک یا اقامتگاه طبق طبقه‌بندی منبع.,String,String,none,source-controlled categorical or text domain | null,ویژگی ثبت نشده، برای نوع ملک موضوعیت ندارد، یا در منبع موجود نبوده است.,حفظ مقدار خام برای ممیزی؛ تبدیل نوع در ستون مشتق‌شده جداگانه در Silver انجام می‌شود.,تغییر دامنه منبع، برچسب ناشناخته، Missing بالا یا ناسازگاری بین رده‌ها.,Phase 1 - Data Audit
regular_person_capacity,ظرفیت استاندارد نفرات اقامتگاه.,String,String,none,source-defined non-negative count labels | null,ویژگی ثبت نشده، برای نوع ملک موضوعیت ندارد، یا در منبع موجود نبوده است.,حفظ مقدار خام برای ممیزی؛ تبدیل نوع در ستون مشتق‌شده جداگانه در Silver انجام می‌شود.,تغییر دامنه منبع، برچسب ناشناخته، Missing بالا یا ناسازگاری بین رده‌ها.,Phase 1 - Data Audit
extra_person_capacity,ظرفیت نفرات اضافه اقامتگاه.,String,String,none,integer text | 30+ | null,ویژگی ثبت نشده، برای نوع ملک موضوعیت ندارد، یا در منبع موجود نبوده است.,حفظ مقدار خام برای ممیزی؛ تبدیل نوع در ستون مشتق‌شده جداگانه در Silver انجام می‌شود.,تغییر دامنه منبع، برچسب ناشناخته، Missing بالا یا ناسازگاری بین رده‌ها.,Phase 1 - Data Audit
cost_per_extra_person,هزینه پیشنهادی برای هر نفر اضافه در اقامت موقت.,String,String,toman,numeric text >= 0; Persian/Arabic/ASCII digits and separators may occur,مؤلفه قیمت برای رژیم آگهی موضوعیت ندارد، ثبت نشده، یا توافقی است.,حفظ مقدار خام برای ممیزی؛ تبدیل نوع در ستون مشتق‌شده جداگانه در Silver انجام می‌شود.,واحد پول در مستند منبع تأیید نشده؛ احتمال توافقی/مجانی، جداکننده و رقم فارسی/عربی؛ قیمت‌ها پیشنهادی‌اند.,Phase 1 - Data Audit
rent_price_on_regular_days,قیمت پیشنهادی اجاره در روزهای عادی.,String,String,toman,numeric text >= 0; Persian/Arabic/ASCII digits and separators may occur,مؤلفه قیمت برای رژیم آگهی موضوعیت ندارد، ثبت نشده، یا توافقی است.,حفظ مقدار خام برای ممیزی؛ تبدیل نوع در ستون مشتق‌شده جداگانه در Silver انجام می‌شود.,واحد پول در مستند منبع تأیید نشده؛ احتمال توافقی/مجانی، جداکننده و رقم فارسی/عربی؛ قیمت‌ها پیشنهادی‌اند.,Phase 1 - Data Audit
rent_price_on_special_days,قیمت پیشنهادی اجاره در روزهای خاص.,String,String,toman,numeric text >= 0; Persian/Arabic/ASCII digits and separators may occur,مؤلفه قیمت برای رژیم آگهی موضوعیت ندارد، ثبت نشده، یا توافقی است.,حفظ مقدار خام برای ممیزی؛ تبدیل نوع در ستون مشتق‌شده جداگانه در Silver انجام می‌شود.,واحد پول در مستند منبع تأیید نشده؛ احتمال توافقی/مجانی، جداکننده و رقم فارسی/عربی؛ قیمت‌ها پیشنهادی‌اند.,Phase 1 - Data Audit
rent_price_at_weekends,قیمت پیشنهادی اجاره در آخر هفته.,String,String,toman,numeric text >= 0; Persian/Arabic/ASCII digits and separators may occur,مؤلفه قیمت برای رژیم آگهی موضوعیت ندارد، ثبت نشده، یا توافقی است.,حفظ مقدار خام برای ممیزی؛ تبدیل نوع در ستون مشتق‌شده جداگانه در Silver انجام می‌شود.,واحد پول در مستند منبع تأیید نشده؛ احتمال توافقی/مجانی، جداکننده و رقم فارسی/عربی؛ قیمت‌ها پیشنهادی‌اند.,Phase 1 - Data Audit
location_latitude,عرض جغرافیایی خام.,String,String,none,numeric text in source domain | null,ویژگی ثبت نشده، برای نوع ملک موضوعیت ندارد، یا در منبع موجود نبوده است.,حفظ مقدار خام برای ممیزی؛ تبدیل نوع در ستون مشتق‌شده جداگانه در Silver انجام می‌شود.,مختصات ناقص، خارج از ایران، Placeholder یا نسبت‌داده‌شدن به شهر نادرست.,Phase 1 - Data Audit
location_longitude,طول جغرافیایی خام.,String,String,none,numeric text in source domain | null,ویژگی ثبت نشده، برای نوع ملک موضوعیت ندارد، یا در منبع موجود نبوده است.,حفظ مقدار خام برای ممیزی؛ تبدیل نوع در ستون مشتق‌شده جداگانه در Silver انجام می‌شود.,مختصات ناقص، خارج از ایران، Placeholder یا نسبت‌داده‌شدن به شهر نادرست.,Phase 1 - Data Audit
location_radius,شعاع عدم‌قطعیت موقعیت مکانی در منبع.,String,String,source_text; intended sqm/meter,numeric text in source domain | null,ویژگی ثبت نشده، برای نوع ملک موضوعیت ندارد، یا در منبع موجود نبوده است.,حفظ مقدار خام برای ممیزی؛ تبدیل نوع در ستون مشتق‌شده جداگانه در Silver انجام می‌شود.,مختصات ناقص، خارج از ایران، Placeholder یا نسبت‌داده‌شدن به شهر نادرست.,Phase 1 - Data Audit
source_row_id,Stable 1-based row identifier assigned from Raw source order for audit joins.,N/A (derived),UInt32,none,documented by source/domain rule; null when unavailable or not applicable,"Null means unavailable, unknown, invalid for the metric, or not applicable under the field contract.",Created by the canonical Milestone 2 module responsible for this field; Raw source values remain preserved separately.,Interpret only within its documented applicability and rule version; do not treat null as zero/False unless explicitly defined.,Milestone 2
analysis_month,Parsed listing month used for the project analysis window.,N/A (derived),Date,none,documented by source/domain rule; null when unavailable or not applicable,"Null means unavailable, unknown, invalid for the metric, or not applicable under the field contract.",Created by the canonical Milestone 2 module responsible for this field; Raw source values remain preserved separately.,Interpret only within its documented applicability and rule version; do not treat null as zero/False unless explicitly defined.,Milestone 2
title_normalized,Canonical M2 derived field: title_normalized.,N/A (derived),String,none,documented by source/domain rule; null when unavailable or not applicable,"Null means unavailable, unknown, invalid for the metric, or not applicable under the field contract.",Created by the canonical Milestone 2 module responsible for this field; Raw source values remain preserved separately.,Interpret only within its documented applicability and rule version; do not treat null as zero/False unless explicitly defined.,Milestone 2
description_normalized,Canonical M2 derived field: description_normalized.,N/A (derived),String,none,documented by source/domain rule; null when unavailable or not applicable,"Null means unavailable, unknown, invalid for the metric, or not applicable under the field contract.",Created by the canonical Milestone 2 module responsible for this field; Raw source values remain preserved separately.,Interpret only within its documented applicability and rule version; do not treat null as zero/False unless explicitly defined.,Milestone 2
property_family,Shared canonical property family derived from cat3_slug.,N/A (derived),String,none,documented by source/domain rule; null when unavailable or not applicable,"Null means unavailable, unknown, invalid for the metric, or not applicable under the field contract.",Created by the canonical Milestone 2 module responsible for this field; Raw source values remain preserved separately.,Interpret only within its documented applicability and rule version; do not treat null as zero/False unless explicitly defined.,Milestone 2
building_size_sqm,Canonical M2 derived field: building_size_sqm.,N/A (derived),Float64,sqm,documented by source/domain rule; null when unavailable or not applicable,"Null means unavailable, unknown, invalid for the metric, or not applicable under the field contract.",Created by the canonical Milestone 2 module responsible for this field; Raw source values remain preserved separately.,Interpret only within its documented applicability and rule version; do not treat null as zero/False unless explicitly defined.,Milestone 2
land_size_sqm,Canonical M2 derived field: land_size_sqm.,N/A (derived),Float64,sqm,documented by source/domain rule; null when unavailable or not applicable,"Null means unavailable, unknown, invalid for the metric, or not applicable under the field contract.",Created by the canonical Milestone 2 module responsible for this field; Raw source values remain preserved separately.,Interpret only within its documented applicability and rule version; do not treat null as zero/False unless explicitly defined.,Milestone 2
latitude,Canonical M2 derived field: latitude.,N/A (derived),Float64,decimal_degree,documented by source/domain rule; null when unavailable or not applicable,"Null means unavailable, unknown, invalid for the metric, or not applicable under the field contract.",Created by the canonical Milestone 2 module responsible for this field; Raw source values remain preserved separately.,Interpret only within its documented applicability and rule version; do not treat null as zero/False unless explicitly defined.,Milestone 2
longitude,Canonical M2 derived field: longitude.,N/A (derived),Float64,decimal_degree,documented by source/domain rule; null when unavailable or not applicable,"Null means unavailable, unknown, invalid for the metric, or not applicable under the field contract.",Created by the canonical Milestone 2 module responsible for this field; Raw source values remain preserved separately.,Interpret only within its documented applicability and rule version; do not treat null as zero/False unless explicitly defined.,Milestone 2
location_radius_m,Canonical M2 derived field: location_radius_m.,N/A (derived),Float64,none,documented by source/domain rule; null when unavailable or not applicable,"Null means unavailable, unknown, invalid for the metric, or not applicable under the field contract.",Created by the canonical Milestone 2 module responsible for this field; Raw source values remain preserved separately.,Interpret only within its documented applicability and rule version; do not treat null as zero/False unless explicitly defined.,Milestone 2
regular_person_capacity_num,Canonical M2 derived field: regular_person_capacity_num.,N/A (derived),Int16,count,documented by source/domain rule; null when unavailable or not applicable,"Null means unavailable, unknown, invalid for the metric, or not applicable under the field contract.",Created by the canonical Milestone 2 module responsible for this field; Raw source values remain preserved separately.,Interpret only within its documented applicability and rule version; do not treat null as zero/False unless explicitly defined.,Milestone 2
extra_person_capacity_num,Canonical M2 derived field: extra_person_capacity_num.,N/A (derived),Int16,count,documented by source/domain rule; null when unavailable or not applicable,"Null means unavailable, unknown, invalid for the metric, or not applicable under the field contract.",Created by the canonical Milestone 2 module responsible for this field; Raw source values remain preserved separately.,Interpret only within its documented applicability and rule version; do not treat null as zero/False unless explicitly defined.,Milestone 2
rooms_count_num,Canonical M2 derived field: rooms_count_num.,N/A (derived),Int8,count,documented by source/domain rule; null when unavailable or not applicable,"Null means unavailable, unknown, invalid for the metric, or not applicable under the field contract.",Created by the canonical Milestone 2 module responsible for this field; Raw source values remain preserved separately.,Interpret only within its documented applicability and rule version; do not treat null as zero/False unless explicitly defined.,Milestone 2
construction_year_jalali,Canonical M2 derived field: construction_year_jalali.,N/A (derived),Int16,none,documented by source/domain rule; null when unavailable or not applicable,"Null means unavailable, unknown, invalid for the metric, or not applicable under the field contract.",Created by the canonical Milestone 2 module responsible for this field; Raw source values remain preserved separately.,Interpret only within its documented applicability and rule version; do not treat null as zero/False unless explicitly defined.,Milestone 2
building_age_years,Canonical M2 derived field: building_age_years.,N/A (derived),Int16,year,documented by source/domain rule; null when unavailable or not applicable,"Null means unavailable, unknown, invalid for the metric, or not applicable under the field contract.",Created by the canonical Milestone 2 module responsible for this field; Raw source values remain preserved separately.,Interpret only within its documented applicability and rule version; do not treat null as zero/False unless explicitly defined.,Milestone 2
floor_num,Canonical M2 derived field: floor_num.,N/A (derived),Int16,count,documented by source/domain rule; null when unavailable or not applicable,"Null means unavailable, unknown, invalid for the metric, or not applicable under the field contract.",Created by the canonical Milestone 2 module responsible for this field; Raw source values remain preserved separately.,Interpret only within its documented applicability and rule version; do not treat null as zero/False unless explicitly defined.,Milestone 2
total_floors_count_num,Canonical M2 derived field: total_floors_count_num.,N/A (derived),Int16,count,documented by source/domain rule; null when unavailable or not applicable,"Null means unavailable, unknown, invalid for the metric, or not applicable under the field contract.",Created by the canonical Milestone 2 module responsible for this field; Raw source values remain preserved separately.,Interpret only within its documented applicability and rule version; do not treat null as zero/False unless explicitly defined.,Milestone 2
unit_per_floor_num,Canonical M2 derived field: unit_per_floor_num.,N/A (derived),Int16,count,documented by source/domain rule; null when unavailable or not applicable,"Null means unavailable, unknown, invalid for the metric, or not applicable under the field contract.",Created by the canonical Milestone 2 module responsible for this field; Raw source values remain preserved separately.,Interpret only within its documented applicability and rule version; do not treat null as zero/False unless explicitly defined.,Milestone 2
rooms_count_censored_flag,"Boolean quality, review, censoring, or analytical-eligibility indicator: rooms_count_censored_flag.",N/A (derived),Boolean,none,true | false,Should not be missing after the M2 canonical transformation; missing indicates a pipeline issue.,Created by the canonical Milestone 2 module responsible for this field; Raw source values remain preserved separately.,Interpret only within its documented applicability and rule version; do not treat null as zero/False unless explicitly defined.,Milestone 2
construction_year_before_1370_flag,"Boolean quality, review, censoring, or analytical-eligibility indicator: construction_year_before_1370_flag.",N/A (derived),Boolean,none,true | false,Should not be missing after the M2 canonical transformation; missing indicates a pipeline issue.,Created by the canonical Milestone 2 module responsible for this field; Raw source values remain preserved separately.,Interpret only within its documented applicability and rule version; do not treat null as zero/False unless explicitly defined.,Milestone 2
construction_year_numeric_invalid_flag,"Boolean quality, review, censoring, or analytical-eligibility indicator: construction_year_numeric_invalid_flag.",N/A (derived),Boolean,none,true | false,Should not be missing after the M2 canonical transformation; missing indicates a pipeline issue.,Created by the canonical Milestone 2 module responsible for this field; Raw source values remain preserved separately.,Interpret only within its documented applicability and rule version; do not treat null as zero/False unless explicitly defined.,Milestone 2
floor_censored_flag,"Boolean quality, review, censoring, or analytical-eligibility indicator: floor_censored_flag.",N/A (derived),Boolean,none,true | false,Should not be missing after the M2 canonical transformation; missing indicates a pipeline issue.,Created by the canonical Milestone 2 module responsible for this field; Raw source values remain preserved separately.,Interpret only within its documented applicability and rule version; do not treat null as zero/False unless explicitly defined.,Milestone 2
total_floors_count_censored_flag,"Boolean quality, review, censoring, or analytical-eligibility indicator: total_floors_count_censored_flag.",N/A (derived),Boolean,none,true | false,Should not be missing after the M2 canonical transformation; missing indicates a pipeline issue.,Created by the canonical Milestone 2 module responsible for this field; Raw source values remain preserved separately.,Interpret only within its documented applicability and rule version; do not treat null as zero/False unless explicitly defined.,Milestone 2
total_floors_count_unselected_flag,"Boolean quality, review, censoring, or analytical-eligibility indicator: total_floors_count_unselected_flag.",N/A (derived),Boolean,none,true | false,Should not be missing after the M2 canonical transformation; missing indicates a pipeline issue.,Created by the canonical Milestone 2 module responsible for this field; Raw source values remain preserved separately.,Interpret only within its documented applicability and rule version; do not treat null as zero/False unless explicitly defined.,Milestone 2
unit_per_floor_censored_flag,"Boolean quality, review, censoring, or analytical-eligibility indicator: unit_per_floor_censored_flag.",N/A (derived),Boolean,none,true | false,Should not be missing after the M2 canonical transformation; missing indicates a pipeline issue.,Created by the canonical Milestone 2 module responsible for this field; Raw source values remain preserved separately.,Interpret only within its documented applicability and rule version; do not treat null as zero/False unless explicitly defined.,Milestone 2
unit_per_floor_unselected_flag,"Boolean quality, review, censoring, or analytical-eligibility indicator: unit_per_floor_unselected_flag.",N/A (derived),Boolean,none,true | false,Should not be missing after the M2 canonical transformation; missing indicates a pipeline issue.,Created by the canonical Milestone 2 module responsible for this field; Raw source values remain preserved separately.,Interpret only within its documented applicability and rule version; do not treat null as zero/False unless explicitly defined.,Milestone 2
has_balcony_unselected_flag,"Boolean quality, review, censoring, or analytical-eligibility indicator: has_balcony_unselected_flag.",N/A (derived),Boolean,none,true | false,Should not be missing after the M2 canonical transformation; missing indicates a pipeline issue.,Created by the canonical Milestone 2 module responsible for this field; Raw source values remain preserved separately.,Interpret only within its documented applicability and rule version; do not treat null as zero/False unless explicitly defined.,Milestone 2
price_value_toman,Canonical/typed monetary field price_value_toman in the project's assumed toman unit.,N/A (derived),Int64,toman,documented by source/domain rule; null when unavailable or not applicable,"Null means unavailable, unknown, invalid for the metric, or not applicable under the field contract.",Created by the canonical Milestone 2 module responsible for this field; Raw source values remain preserved separately.,Interpret only within its documented applicability and rule version; do not treat null as zero/False unless explicitly defined.,Milestone 2
credit_value_toman,Canonical/typed monetary field credit_value_toman in the project's assumed toman unit.,N/A (derived),Int64,toman,documented by source/domain rule; null when unavailable or not applicable,"Null means unavailable, unknown, invalid for the metric, or not applicable under the field contract.",Created by the canonical Milestone 2 module responsible for this field; Raw source values remain preserved separately.,Interpret only within its documented applicability and rule version; do not treat null as zero/False unless explicitly defined.,Milestone 2
rent_value_toman,Canonical/typed monetary field rent_value_toman in the project's assumed toman unit.,N/A (derived),Int64,toman,documented by source/domain rule; null when unavailable or not applicable,"Null means unavailable, unknown, invalid for the metric, or not applicable under the field contract.",Created by the canonical Milestone 2 module responsible for this field; Raw source values remain preserved separately.,Interpret only within its documented applicability and rule version; do not treat null as zero/False unless explicitly defined.,Milestone 2
transformable_credit_toman,Canonical/typed monetary field transformable_credit_toman in the project's assumed toman unit.,N/A (derived),Int64,toman,documented by source/domain rule; null when unavailable or not applicable,"Null means unavailable, unknown, invalid for the metric, or not applicable under the field contract.",Created by the canonical Milestone 2 module responsible for this field; Raw source values remain preserved separately.,Interpret only within its documented applicability and rule version; do not treat null as zero/False unless explicitly defined.,Milestone 2
transformed_credit_toman,Canonical/typed monetary field transformed_credit_toman in the project's assumed toman unit.,N/A (derived),Int64,toman,documented by source/domain rule; null when unavailable or not applicable,"Null means unavailable, unknown, invalid for the metric, or not applicable under the field contract.",Created by the canonical Milestone 2 module responsible for this field; Raw source values remain preserved separately.,Interpret only within its documented applicability and rule version; do not treat null as zero/False unless explicitly defined.,Milestone 2
transformable_rent_toman,Canonical/typed monetary field transformable_rent_toman in the project's assumed toman unit.,N/A (derived),Int64,toman,documented by source/domain rule; null when unavailable or not applicable,"Null means unavailable, unknown, invalid for the metric, or not applicable under the field contract.",Created by the canonical Milestone 2 module responsible for this field; Raw source values remain preserved separately.,Interpret only within its documented applicability and rule version; do not treat null as zero/False unless explicitly defined.,Milestone 2
transformed_rent_toman,Canonical/typed monetary field transformed_rent_toman in the project's assumed toman unit.,N/A (derived),Int64,toman,documented by source/domain rule; null when unavailable or not applicable,"Null means unavailable, unknown, invalid for the metric, or not applicable under the field contract.",Created by the canonical Milestone 2 module responsible for this field; Raw source values remain preserved separately.,Interpret only within its documented applicability and rule version; do not treat null as zero/False unless explicitly defined.,Milestone 2
cost_per_extra_person_toman,Canonical/typed monetary field cost_per_extra_person_toman in the project's assumed toman unit.,N/A (derived),Int64,toman,documented by source/domain rule; null when unavailable or not applicable,"Null means unavailable, unknown, invalid for the metric, or not applicable under the field contract.",Created by the canonical Milestone 2 module responsible for this field; Raw source values remain preserved separately.,Interpret only within its documented applicability and rule version; do not treat null as zero/False unless explicitly defined.,Milestone 2
rent_price_on_regular_days_toman,Canonical/typed monetary field rent_price_on_regular_days_toman in the project's assumed toman unit.,N/A (derived),Int64,toman,documented by source/domain rule; null when unavailable or not applicable,"Null means unavailable, unknown, invalid for the metric, or not applicable under the field contract.",Created by the canonical Milestone 2 module responsible for this field; Raw source values remain preserved separately.,Interpret only within its documented applicability and rule version; do not treat null as zero/False unless explicitly defined.,Milestone 2
rent_price_at_weekends_toman,Canonical/typed monetary field rent_price_at_weekends_toman in the project's assumed toman unit.,N/A (derived),Int64,toman,documented by source/domain rule; null when unavailable or not applicable,"Null means unavailable, unknown, invalid for the metric, or not applicable under the field contract.",Created by the canonical Milestone 2 module responsible for this field; Raw source values remain preserved separately.,Interpret only within its documented applicability and rule version; do not treat null as zero/False unless explicitly defined.,Milestone 2
rent_price_on_special_days_toman,Canonical/typed monetary field rent_price_on_special_days_toman in the project's assumed toman unit.,N/A (derived),Int64,toman,documented by source/domain rule; null when unavailable or not applicable,"Null means unavailable, unknown, invalid for the metric, or not applicable under the field contract.",Created by the canonical Milestone 2 module responsible for this field; Raw source values remain preserved separately.,Interpret only within its documented applicability and rule version; do not treat null as zero/False unless explicitly defined.,Milestone 2
rent_to_single_bool,Typed Boolean interpretation of Raw field rent_to_single; unknown is preserved as null.,N/A (derived),Boolean,none,true | false,Should not be missing after the M2 canonical transformation; missing indicates a pipeline issue.,Created by the canonical Milestone 2 module responsible for this field; Raw source values remain preserved separately.,Interpret only within its documented applicability and rule version; do not treat null as zero/False unless explicitly defined.,Milestone 2
transformable_price_bool,Typed Boolean interpretation of Raw field transformable_price; unknown is preserved as null.,N/A (derived),Boolean,none,true | false,Should not be missing after the M2 canonical transformation; missing indicates a pipeline issue.,Created by the canonical Milestone 2 module responsible for this field; Raw source values remain preserved separately.,Interpret only within its documented applicability and rule version; do not treat null as zero/False unless explicitly defined.,Milestone 2
rent_credit_transform_bool,Typed Boolean interpretation of Raw field rent_credit_transform; unknown is preserved as null.,N/A (derived),Boolean,none,true | false,Should not be missing after the M2 canonical transformation; missing indicates a pipeline issue.,Created by the canonical Milestone 2 module responsible for this field; Raw source values remain preserved separately.,Interpret only within its documented applicability and rule version; do not treat null as zero/False unless explicitly defined.,Milestone 2
has_business_deed_bool,Typed Boolean interpretation of Raw field has_business_deed; unknown is preserved as null.,N/A (derived),Boolean,none,true | false,Should not be missing after the M2 canonical transformation; missing indicates a pipeline issue.,Created by the canonical Milestone 2 module responsible for this field; Raw source values remain preserved separately.,Interpret only within its documented applicability and rule version; do not treat null as zero/False unless explicitly defined.,Milestone 2
has_elevator_bool,Typed Boolean interpretation of Raw field has_elevator; unknown is preserved as null.,N/A (derived),Boolean,none,true | false,Should not be missing after the M2 canonical transformation; missing indicates a pipeline issue.,Created by the canonical Milestone 2 module responsible for this field; Raw source values remain preserved separately.,Interpret only within its documented applicability and rule version; do not treat null as zero/False unless explicitly defined.,Milestone 2
has_warehouse_bool,Typed Boolean interpretation of Raw field has_warehouse; unknown is preserved as null.,N/A (derived),Boolean,none,true | false,Should not be missing after the M2 canonical transformation; missing indicates a pipeline issue.,Created by the canonical Milestone 2 module responsible for this field; Raw source values remain preserved separately.,Interpret only within its documented applicability and rule version; do not treat null as zero/False unless explicitly defined.,Milestone 2
has_parking_bool,Typed Boolean interpretation of Raw field has_parking; unknown is preserved as null.,N/A (derived),Boolean,none,true | false,Should not be missing after the M2 canonical transformation; missing indicates a pipeline issue.,Created by the canonical Milestone 2 module responsible for this field; Raw source values remain preserved separately.,Interpret only within its documented applicability and rule version; do not treat null as zero/False unless explicitly defined.,Milestone 2
is_rebuilt_bool,Typed Boolean interpretation of Raw field is_rebuilt; unknown is preserved as null.,N/A (derived),Boolean,none,true | false,Should not be missing after the M2 canonical transformation; missing indicates a pipeline issue.,Created by the canonical Milestone 2 module responsible for this field; Raw source values remain preserved separately.,Interpret only within its documented applicability and rule version; do not treat null as zero/False unless explicitly defined.,Milestone 2
has_water_bool,Typed Boolean interpretation of Raw field has_water; unknown is preserved as null.,N/A (derived),Boolean,none,true | false,Should not be missing after the M2 canonical transformation; missing indicates a pipeline issue.,Created by the canonical Milestone 2 module responsible for this field; Raw source values remain preserved separately.,Interpret only within its documented applicability and rule version; do not treat null as zero/False unless explicitly defined.,Milestone 2
has_electricity_bool,Typed Boolean interpretation of Raw field has_electricity; unknown is preserved as null.,N/A (derived),Boolean,none,true | false,Should not be missing after the M2 canonical transformation; missing indicates a pipeline issue.,Created by the canonical Milestone 2 module responsible for this field; Raw source values remain preserved separately.,Interpret only within its documented applicability and rule version; do not treat null as zero/False unless explicitly defined.,Milestone 2
has_gas_bool,Typed Boolean interpretation of Raw field has_gas; unknown is preserved as null.,N/A (derived),Boolean,none,true | false,Should not be missing after the M2 canonical transformation; missing indicates a pipeline issue.,Created by the canonical Milestone 2 module responsible for this field; Raw source values remain preserved separately.,Interpret only within its documented applicability and rule version; do not treat null as zero/False unless explicitly defined.,Milestone 2
has_security_guard_bool,Typed Boolean interpretation of Raw field has_security_guard; unknown is preserved as null.,N/A (derived),Boolean,none,true | false,Should not be missing after the M2 canonical transformation; missing indicates a pipeline issue.,Created by the canonical Milestone 2 module responsible for this field; Raw source values remain preserved separately.,Interpret only within its documented applicability and rule version; do not treat null as zero/False unless explicitly defined.,Milestone 2
has_barbecue_bool,Typed Boolean interpretation of Raw field has_barbecue; unknown is preserved as null.,N/A (derived),Boolean,none,true | false,Should not be missing after the M2 canonical transformation; missing indicates a pipeline issue.,Created by the canonical Milestone 2 module responsible for this field; Raw source values remain preserved separately.,Interpret only within its documented applicability and rule version; do not treat null as zero/False unless explicitly defined.,Milestone 2
has_pool_bool,Typed Boolean interpretation of Raw field has_pool; unknown is preserved as null.,N/A (derived),Boolean,none,true | false,Should not be missing after the M2 canonical transformation; missing indicates a pipeline issue.,Created by the canonical Milestone 2 module responsible for this field; Raw source values remain preserved separately.,Interpret only within its documented applicability and rule version; do not treat null as zero/False unless explicitly defined.,Milestone 2
has_jacuzzi_bool,Typed Boolean interpretation of Raw field has_jacuzzi; unknown is preserved as null.,N/A (derived),Boolean,none,true | false,Should not be missing after the M2 canonical transformation; missing indicates a pipeline issue.,Created by the canonical Milestone 2 module responsible for this field; Raw source values remain preserved separately.,Interpret only within its documented applicability and rule version; do not treat null as zero/False unless explicitly defined.,Milestone 2
has_sauna_bool,Typed Boolean interpretation of Raw field has_sauna; unknown is preserved as null.,N/A (derived),Boolean,none,true | false,Should not be missing after the M2 canonical transformation; missing indicates a pipeline issue.,Created by the canonical Milestone 2 module responsible for this field; Raw source values remain preserved separately.,Interpret only within its documented applicability and rule version; do not treat null as zero/False unless explicitly defined.,Milestone 2
has_balcony_bool,Typed Boolean interpretation of Raw field has_balcony; unknown is preserved as null.,N/A (derived),Boolean,none,true | false,Should not be missing after the M2 canonical transformation; missing indicates a pipeline issue.,Created by the canonical Milestone 2 module responsible for this field; Raw source values remain preserved separately.,Interpret only within its documented applicability and rule version; do not treat null as zero/False unless explicitly defined.,Milestone 2
type_parse_error_count,Canonical M2 derived field: type_parse_error_count.,N/A (derived),UInt16,count,documented by source/domain rule; null when unavailable or not applicable,"Null means unavailable, unknown, invalid for the metric, or not applicable under the field contract.",Created by the canonical Milestone 2 module responsible for this field; Raw source values remain preserved separately.,Interpret only within its documented applicability and rule version; do not treat null as zero/False unless explicitly defined.,Milestone 2
is_core_analysis_period,Canonical M2 derived field: is_core_analysis_period.,N/A (derived),Boolean,none,true | false,Should not be missing after the M2 canonical transformation; missing indicates a pipeline issue.,Created by the canonical Milestone 2 module responsible for this field; Raw source values remain preserved separately.,Interpret only within its documented applicability and rule version; do not treat null as zero/False unless explicitly defined.,Milestone 2
is_sale,Canonical M2 derived field: is_sale.,N/A (derived),Boolean,none,true | false,Should not be missing after the M2 canonical transformation; missing indicates a pipeline issue.,Created by the canonical Milestone 2 module responsible for this field; Raw source values remain preserved separately.,Interpret only within its documented applicability and rule version; do not treat null as zero/False unless explicitly defined.,Milestone 2
is_long_term_rent,Canonical M2 derived field: is_long_term_rent.,N/A (derived),Boolean,none,true | false,Should not be missing after the M2 canonical transformation; missing indicates a pipeline issue.,Created by the canonical Milestone 2 module responsible for this field; Raw source values remain preserved separately.,Interpret only within its documented applicability and rule version; do not treat null as zero/False unless explicitly defined.,Milestone 2
is_temporary_rent,Canonical M2 derived field: is_temporary_rent.,N/A (derived),Boolean,none,true | false,Should not be missing after the M2 canonical transformation; missing indicates a pipeline issue.,Created by the canonical Milestone 2 module responsible for this field; Raw source values remain preserved separately.,Interpret only within its documented applicability and rule version; do not treat null as zero/False unless explicitly defined.,Milestone 2
market_regime,Canonical M2 derived field: market_regime.,N/A (derived),String,none,documented by source/domain rule; null when unavailable or not applicable,"Null means unavailable, unknown, invalid for the metric, or not applicable under the field contract.",Created by the canonical Milestone 2 module responsible for this field; Raw source values remain preserved separately.,Interpret only within its documented applicability and rule version; do not treat null as zero/False unless explicitly defined.,Milestone 2
coordinate_pair_present,Canonical M2 derived field: coordinate_pair_present.,N/A (derived),Boolean,none,true | false,Should not be missing after the M2 canonical transformation; missing indicates a pipeline issue.,Created by the canonical Milestone 2 module responsible for this field; Raw source values remain preserved separately.,Interpret only within its documented applicability and rule version; do not treat null as zero/False unless explicitly defined.,Milestone 2
coordinate_partial_flag,"Boolean quality, review, censoring, or analytical-eligibility indicator: coordinate_partial_flag.",N/A (derived),Boolean,none,true | false,Should not be missing after the M2 canonical transformation; missing indicates a pipeline issue.,Created by the canonical Milestone 2 module responsible for this field; Raw source values remain preserved separately.,Interpret only within its documented applicability and rule version; do not treat null as zero/False unless explicitly defined.,Milestone 2
geo_country_valid,Canonical M2 derived field: geo_country_valid.,N/A (derived),Boolean,none,true | false,Should not be missing after the M2 canonical transformation; missing indicates a pipeline issue.,Created by the canonical Milestone 2 module responsible for this field; Raw source values remain preserved separately.,Interpret only within its documented applicability and rule version; do not treat null as zero/False unless explicitly defined.,Milestone 2
area_basis,Canonical M2 derived field: area_basis.,N/A (derived),String,none,documented by source/domain rule; null when unavailable or not applicable,"Null means unavailable, unknown, invalid for the metric, or not applicable under the field contract.",Created by the canonical Milestone 2 module responsible for this field; Raw source values remain preserved separately.,Interpret only within its documented applicability and rule version; do not treat null as zero/False unless explicitly defined.,Milestone 2
primary_area_sqm,Canonical denominator area used only for compatible property categories.,N/A (derived),Float64,sqm,documented by source/domain rule; null when unavailable or not applicable,"Null means unavailable, unknown, invalid for the metric, or not applicable under the field contract.",Created by the canonical Milestone 2 module responsible for this field; Raw source values remain preserved separately.,Interpret only within its documented applicability and rule version; do not treat null as zero/False unless explicitly defined.,Milestone 2
sale_price_status,Canonical M2 derived field: sale_price_status.,N/A (derived),String,none,documented by source/domain rule; null when unavailable or not applicable,"Null means unavailable, unknown, invalid for the metric, or not applicable under the field contract.",Created by the canonical Milestone 2 module responsible for this field; Raw source values remain preserved separately.,Interpret only within its documented applicability and rule version; do not treat null as zero/False unless explicitly defined.,Milestone 2
sale_price_clean_toman,Canonical/typed monetary field sale_price_clean_toman in the project's assumed toman unit.,N/A (derived),Int64,toman,documented by source/domain rule; null when unavailable or not applicable,"Null means unavailable, unknown, invalid for the metric, or not applicable under the field contract.",Created by the canonical Milestone 2 module responsible for this field; Raw source values remain preserved separately.,Interpret only within its documented applicability and rule version; do not treat null as zero/False unless explicitly defined.,Milestone 2
rent_component_status,Canonical M2 derived field: rent_component_status.,N/A (derived),String,none,documented by source/domain rule; null when unavailable or not applicable,"Null means unavailable, unknown, invalid for the metric, or not applicable under the field contract.",Created by the canonical Milestone 2 module responsible for this field; Raw source values remain preserved separately.,Interpret only within its documented applicability and rule version; do not treat null as zero/False unless explicitly defined.,Milestone 2
credit_component_status,Canonical M2 derived field: credit_component_status.,N/A (derived),String,none,documented by source/domain rule; null when unavailable or not applicable,"Null means unavailable, unknown, invalid for the metric, or not applicable under the field contract.",Created by the canonical Milestone 2 module responsible for this field; Raw source values remain preserved separately.,Interpret only within its documented applicability and rule version; do not treat null as zero/False unless explicitly defined.,Milestone 2
long_term_rent_regime,Canonical M2 derived field: long_term_rent_regime.,N/A (derived),String,none,documented by source/domain rule; null when unavailable or not applicable,"Null means unavailable, unknown, invalid for the metric, or not applicable under the field contract.",Created by the canonical Milestone 2 module responsible for this field; Raw source values remain preserved separately.,Interpret only within its documented applicability and rule version; do not treat null as zero/False unless explicitly defined.,Milestone 2
price_per_sqm_raw_toman,Canonical/typed monetary field price_per_sqm_raw_toman in the project's assumed toman unit.,N/A (derived),Float64,toman,documented by source/domain rule; null when unavailable or not applicable,"Null means unavailable, unknown, invalid for the metric, or not applicable under the field contract.",Created by the canonical Milestone 2 module responsible for this field; Raw source values remain preserved separately.,Interpret only within its documented applicability and rule version; do not treat null as zero/False unless explicitly defined.,Milestone 2
monthly_rent_clean_toman,Canonical/typed monetary field monthly_rent_clean_toman in the project's assumed toman unit.,N/A (derived),Int64,toman,documented by source/domain rule; null when unavailable or not applicable,"Null means unavailable, unknown, invalid for the metric, or not applicable under the field contract.",Created by the canonical Milestone 2 module responsible for this field; Raw source values remain preserved separately.,Interpret only within its documented applicability and rule version; do not treat null as zero/False unless explicitly defined.,Milestone 2
deposit_clean_toman,Canonical/typed monetary field deposit_clean_toman in the project's assumed toman unit.,N/A (derived),Int64,toman,documented by source/domain rule; null when unavailable or not applicable,"Null means unavailable, unknown, invalid for the metric, or not applicable under the field contract.",Created by the canonical Milestone 2 module responsible for this field; Raw source values remain preserved separately.,Interpret only within its documented applicability and rule version; do not treat null as zero/False unless explicitly defined.,Milestone 2
price_regime,Canonical sale/rent/service price-regime classification.,N/A (derived),String,none,documented by source/domain rule; null when unavailable or not applicable,"Null means unavailable, unknown, invalid for the metric, or not applicable under the field contract.",Created by the canonical Milestone 2 module responsible for this field; Raw source values remain preserved separately.,Interpret only within its documented applicability and rule version; do not treat null as zero/False unless explicitly defined.,Milestone 2
price_regime_rule_id,Canonical M2 derived field: price_regime_rule_id.,N/A (derived),String,none,documented by source/domain rule; null when unavailable or not applicable,"Null means unavailable, unknown, invalid for the metric, or not applicable under the field contract.",Created by the canonical Milestone 2 module responsible for this field; Raw source values remain preserved separately.,Interpret only within its documented applicability and rule version; do not treat null as zero/False unless explicitly defined.,Milestone 2
price_regime_conflict_flag,"Boolean quality, review, censoring, or analytical-eligibility indicator: price_regime_conflict_flag.",N/A (derived),Boolean,none,true | false,Should not be missing after the M2 canonical transformation; missing indicates a pipeline issue.,Created by the canonical Milestone 2 module responsible for this field; Raw source values remain preserved separately.,Interpret only within its documented applicability and rule version; do not treat null as zero/False unless explicitly defined.,Milestone 2
price_regime_review_flag,"Boolean quality, review, censoring, or analytical-eligibility indicator: price_regime_review_flag.",N/A (derived),Boolean,none,true | false,Should not be missing after the M2 canonical transformation; missing indicates a pipeline issue.,Created by the canonical Milestone 2 module responsible for this field; Raw source values remain preserved separately.,Interpret only within its documented applicability and rule version; do not treat null as zero/False unless explicitly defined.,Milestone 2
price_regime_unclassified_flag,"Boolean quality, review, censoring, or analytical-eligibility indicator: price_regime_unclassified_flag.",N/A (derived),Boolean,none,true | false,Should not be missing after the M2 canonical transformation; missing indicates a pipeline issue.,Created by the canonical Milestone 2 module responsible for this field; Raw source values remain preserved separately.,Interpret only within its documented applicability and rule version; do not treat null as zero/False unless explicitly defined.,Milestone 2
price_regime_version,Canonical M2 derived field: price_regime_version.,N/A (derived),String,none,versioned project rule identifier,Should not be missing for published Silver rows.,Created by the canonical Milestone 2 module responsible for this field; Raw source values remain preserved separately.,Interpret only within its documented applicability and rule version; do not treat null as zero/False unless explicitly defined.,Milestone 2
exact_duplicate_flag,"Boolean quality, review, censoring, or analytical-eligibility indicator: exact_duplicate_flag.",N/A (derived),Boolean,none,true | false,Should not be missing after the M2 canonical transformation; missing indicates a pipeline issue.,Created by the canonical Milestone 2 module responsible for this field; Raw source values remain preserved separately.,Interpret only within its documented applicability and rule version; do not treat null as zero/False unless explicitly defined.,Milestone 2
exact_duplicate_excess_flag,"Boolean quality, review, censoring, or analytical-eligibility indicator: exact_duplicate_excess_flag.",N/A (derived),Boolean,none,true | false,Should not be missing after the M2 canonical transformation; missing indicates a pipeline issue.,Created by the canonical Milestone 2 module responsible for this field; Raw source values remain preserved separately.,Interpret only within its documented applicability and rule version; do not treat null as zero/False unless explicitly defined.,Milestone 2
same_month_duplicate_group_size,Canonical M2 derived field: same_month_duplicate_group_size.,N/A (derived),UInt32,none,documented by source/domain rule; null when unavailable or not applicable,"Null means unavailable, unknown, invalid for the metric, or not applicable under the field contract.",Created by the canonical Milestone 2 module responsible for this field; Raw source values remain preserved separately.,Interpret only within its documented applicability and rule version; do not treat null as zero/False unless explicitly defined.,Milestone 2
same_month_duplicate_flag,"Boolean quality, review, censoring, or analytical-eligibility indicator: same_month_duplicate_flag.",N/A (derived),Boolean,none,true | false,Should not be missing after the M2 canonical transformation; missing indicates a pipeline issue.,Created by the canonical Milestone 2 module responsible for this field; Raw source values remain preserved separately.,Interpret only within its documented applicability and rule version; do not treat null as zero/False unless explicitly defined.,Milestone 2
same_month_duplicate_excess_flag,"Boolean quality, review, censoring, or analytical-eligibility indicator: same_month_duplicate_excess_flag.",N/A (derived),Boolean,none,true | false,Should not be missing after the M2 canonical transformation; missing indicates a pipeline issue.,Created by the canonical Milestone 2 module responsible for this field; Raw source values remain preserved separately.,Interpret only within its documented applicability and rule version; do not treat null as zero/False unless explicitly defined.,Milestone 2
probable_duplicate_cluster_id,Deterministic cluster id for high/medium probable duplicate candidates.,N/A (derived),String,none,documented by source/domain rule; null when unavailable or not applicable,"Null means unavailable, unknown, invalid for the metric, or not applicable under the field contract.",Created by the canonical Milestone 2 module responsible for this field; Raw source values remain preserved separately.,Interpret only within its documented applicability and rule version; do not treat null as zero/False unless explicitly defined.,Milestone 2
deduplication_confidence,"Duplicate/ER confidence: exact, high, medium, or none.",N/A (derived),String,none,documented by source/domain rule; null when unavailable or not applicable,"Null means unavailable, unknown, invalid for the metric, or not applicable under the field contract.",Created by the canonical Milestone 2 module responsible for this field; Raw source values remain preserved separately.,Interpret only within its documented applicability and rule version; do not treat null as zero/False unless explicitly defined.,Milestone 2
deduplication_rule_version,Canonical M2 derived field: deduplication_rule_version.,N/A (derived),String,none,versioned project rule identifier,Should not be missing for published Silver rows.,Created by the canonical Milestone 2 module responsible for this field; Raw source values remain preserved separately.,Interpret only within its documented applicability and rule version; do not treat null as zero/False unless explicitly defined.,Milestone 2
supply_keep_flag,Whether the row is retained in canonical listing-supply counts after conservative same-month deduplication.,N/A (derived),Boolean,none,true | false,Should not be missing after the M2 canonical transformation; missing indicates a pipeline issue.,Created by the canonical Milestone 2 module responsible for this field; Raw source values remain preserved separately.,Interpret only within its documented applicability and rule version; do not treat null as zero/False unless explicitly defined.,Milestone 2
cross_month_repeat_row_count,Canonical M2 derived field: cross_month_repeat_row_count.,N/A (derived),UInt32,count,documented by source/domain rule; null when unavailable or not applicable,"Null means unavailable, unknown, invalid for the metric, or not applicable under the field contract.",Created by the canonical Milestone 2 module responsible for this field; Raw source values remain preserved separately.,Interpret only within its documented applicability and rule version; do not treat null as zero/False unless explicitly defined.,Milestone 2
cross_month_repeat_month_count,Canonical M2 derived field: cross_month_repeat_month_count.,N/A (derived),UInt16,count,documented by source/domain rule; null when unavailable or not applicable,"Null means unavailable, unknown, invalid for the metric, or not applicable under the field contract.",Created by the canonical Milestone 2 module responsible for this field; Raw source values remain preserved separately.,Interpret only within its documented applicability and rule version; do not treat null as zero/False unless explicitly defined.,Milestone 2
cross_month_repeat_flag,"Boolean quality, review, censoring, or analytical-eligibility indicator: cross_month_repeat_flag.",N/A (derived),Boolean,none,true | false,Should not be missing after the M2 canonical transformation; missing indicates a pipeline issue.,Created by the canonical Milestone 2 module responsible for this field; Raw source values remain preserved separately.,Interpret only within its documented applicability and rule version; do not treat null as zero/False unless explicitly defined.,Milestone 2
cross_month_first_month,Canonical M2 derived field: cross_month_first_month.,N/A (derived),String,none,documented by source/domain rule; null when unavailable or not applicable,"Null means unavailable, unknown, invalid for the metric, or not applicable under the field contract.",Created by the canonical Milestone 2 module responsible for this field; Raw source values remain preserved separately.,Interpret only within its documented applicability and rule version; do not treat null as zero/False unless explicitly defined.,Milestone 2
cross_month_last_month,Canonical M2 derived field: cross_month_last_month.,N/A (derived),String,none,documented by source/domain rule; null when unavailable or not applicable,"Null means unavailable, unknown, invalid for the metric, or not applicable under the field contract.",Created by the canonical Milestone 2 module responsible for this field; Raw source values remain preserved separately.,Interpret only within its documented applicability and rule version; do not treat null as zero/False unless explicitly defined.,Milestone 2
effective_building_area_sqm,Canonical M2 derived field: effective_building_area_sqm.,N/A (derived),Float64,sqm,documented by source/domain rule; null when unavailable or not applicable,"Null means unavailable, unknown, invalid for the metric, or not applicable under the field contract.",Created by the canonical Milestone 2 module responsible for this field; Raw source values remain preserved separately.,Interpret only within its documented applicability and rule version; do not treat null as zero/False unless explicitly defined.,Milestone 2
effective_land_area_sqm,Canonical M2 derived field: effective_land_area_sqm.,N/A (derived),Float64,sqm,documented by source/domain rule; null when unavailable or not applicable,"Null means unavailable, unknown, invalid for the metric, or not applicable under the field contract.",Created by the canonical Milestone 2 module responsible for this field; Raw source values remain preserved separately.,Interpret only within its documented applicability and rule version; do not treat null as zero/False unless explicitly defined.,Milestone 2
effective_land_area_source,Canonical M2 derived field: effective_land_area_source.,N/A (derived),String,none,documented by source/domain rule; null when unavailable or not applicable,"Null means unavailable, unknown, invalid for the metric, or not applicable under the field contract.",Created by the canonical Milestone 2 module responsible for this field; Raw source values remain preserved separately.,Interpret only within its documented applicability and rule version; do not treat null as zero/False unless explicitly defined.,Milestone 2
primary_area_required_flag,"Boolean quality, review, censoring, or analytical-eligibility indicator: primary_area_required_flag.",N/A (derived),Boolean,none,true | false,Should not be missing after the M2 canonical transformation; missing indicates a pipeline issue.,Created by the canonical Milestone 2 module responsible for this field; Raw source values remain preserved separately.,Interpret only within its documented applicability and rule version; do not treat null as zero/False unless explicitly defined.,Milestone 2
area_manual_review_flag,"Boolean quality, review, censoring, or analytical-eligibility indicator: area_manual_review_flag.",N/A (derived),Boolean,none,true | false,Should not be missing after the M2 canonical transformation; missing indicates a pipeline issue.,Created by the canonical Milestone 2 module responsible for this field; Raw source values remain preserved separately.,Interpret only within its documented applicability and rule version; do not treat null as zero/False unless explicitly defined.,Milestone 2
primary_area_missing_flag,"Boolean quality, review, censoring, or analytical-eligibility indicator: primary_area_missing_flag.",N/A (derived),Boolean,none,true | false,Should not be missing after the M2 canonical transformation; missing indicates a pipeline issue.,Created by the canonical Milestone 2 module responsible for this field; Raw source values remain preserved separately.,Interpret only within its documented applicability and rule version; do not treat null as zero/False unless explicitly defined.,Milestone 2
primary_area_nonpositive_flag,"Boolean quality, review, censoring, or analytical-eligibility indicator: primary_area_nonpositive_flag.",N/A (derived),Boolean,none,true | false,Should not be missing after the M2 canonical transformation; missing indicates a pipeline issue.,Created by the canonical Milestone 2 module responsible for this field; Raw source values remain preserved separately.,Interpret only within its documented applicability and rule version; do not treat null as zero/False unless explicitly defined.,Milestone 2
primary_area_outlier_flag,"Boolean quality, review, censoring, or analytical-eligibility indicator: primary_area_outlier_flag.",N/A (derived),Boolean,none,true | false,Should not be missing after the M2 canonical transformation; missing indicates a pipeline issue.,Created by the canonical Milestone 2 module responsible for this field; Raw source values remain preserved separately.,Interpret only within its documented applicability and rule version; do not treat null as zero/False unless explicitly defined.,Milestone 2
building_area_outlier_flag,"Boolean quality, review, censoring, or analytical-eligibility indicator: building_area_outlier_flag.",N/A (derived),Boolean,none,true | false,Should not be missing after the M2 canonical transformation; missing indicates a pipeline issue.,Created by the canonical Milestone 2 module responsible for this field; Raw source values remain preserved separately.,Interpret only within its documented applicability and rule version; do not treat null as zero/False unless explicitly defined.,Milestone 2
land_area_outlier_flag,"Boolean quality, review, censoring, or analytical-eligibility indicator: land_area_outlier_flag.",N/A (derived),Boolean,none,true | false,Should not be missing after the M2 canonical transformation; missing indicates a pipeline issue.,Created by the canonical Milestone 2 module responsible for this field; Raw source values remain preserved separately.,Interpret only within its documented applicability and rule version; do not treat null as zero/False unless explicitly defined.,Milestone 2
sale_price_per_sqm_outlier_flag,"Boolean quality, review, censoring, or analytical-eligibility indicator: sale_price_per_sqm_outlier_flag.",N/A (derived),Boolean,none,true | false,Should not be missing after the M2 canonical transformation; missing indicates a pipeline issue.,Created by the canonical Milestone 2 module responsible for this field; Raw source values remain preserved separately.,Interpret only within its documented applicability and rule version; do not treat null as zero/False unless explicitly defined.,Milestone 2
monthly_rent_outlier_flag,"Boolean quality, review, censoring, or analytical-eligibility indicator: monthly_rent_outlier_flag.",N/A (derived),Boolean,none,true | false,Should not be missing after the M2 canonical transformation; missing indicates a pipeline issue.,Created by the canonical Milestone 2 module responsible for this field; Raw source values remain preserved separately.,Interpret only within its documented applicability and rule version; do not treat null as zero/False unless explicitly defined.,Milestone 2
deposit_outlier_flag,"Boolean quality, review, censoring, or analytical-eligibility indicator: deposit_outlier_flag.",N/A (derived),Boolean,none,true | false,Should not be missing after the M2 canonical transformation; missing indicates a pipeline issue.,Created by the canonical Milestone 2 module responsible for this field; Raw source values remain preserved separately.,Interpret only within its documented applicability and rule version; do not treat null as zero/False unless explicitly defined.,Milestone 2
outlier_area_flag,"Boolean quality, review, censoring, or analytical-eligibility indicator: outlier_area_flag.",N/A (derived),Boolean,none,true | false,Should not be missing after the M2 canonical transformation; missing indicates a pipeline issue.,Created by the canonical Milestone 2 module responsible for this field; Raw source values remain preserved separately.,Interpret only within its documented applicability and rule version; do not treat null as zero/False unless explicitly defined.,Milestone 2
outlier_price_flag,"Boolean quality, review, censoring, or analytical-eligibility indicator: outlier_price_flag.",N/A (derived),Boolean,none,true | false,Should not be missing after the M2 canonical transformation; missing indicates a pipeline issue.,Created by the canonical Milestone 2 module responsible for this field; Raw source values remain preserved separately.,Interpret only within its documented applicability and rule version; do not treat null as zero/False unless explicitly defined.,Milestone 2
outlier_year_flag,"Boolean quality, review, censoring, or analytical-eligibility indicator: outlier_year_flag.",N/A (derived),Boolean,none,true | false,Should not be missing after the M2 canonical transformation; missing indicates a pipeline issue.,Created by the canonical Milestone 2 module responsible for this field; Raw source values remain preserved separately.,Interpret only within its documented applicability and rule version; do not treat null as zero/False unless explicitly defined.,Milestone 2
outlier_rule_version,Canonical M2 derived field: outlier_rule_version.,N/A (derived),String,none,versioned project rule identifier,Should not be missing for published Silver rows.,Created by the canonical Milestone 2 module responsible for this field; Raw source values remain preserved separately.,Interpret only within its documented applicability and rule version; do not treat null as zero/False unless explicitly defined.,Milestone 2
sale_price_analysis_eligible_flag,"Boolean quality, review, censoring, or analytical-eligibility indicator: sale_price_analysis_eligible_flag.",N/A (derived),Boolean,none,true | false,Should not be missing after the M2 canonical transformation; missing indicates a pipeline issue.,Created by the canonical Milestone 2 module responsible for this field; Raw source values remain preserved separately.,Interpret only within its documented applicability and rule version; do not treat null as zero/False unless explicitly defined.,Milestone 2
rent_component_analysis_eligible_flag,"Boolean quality, review, censoring, or analytical-eligibility indicator: rent_component_analysis_eligible_flag.",N/A (derived),Boolean,none,true | false,Should not be missing after the M2 canonical transformation; missing indicates a pipeline issue.,Created by the canonical Milestone 2 module responsible for this field; Raw source values remain preserved separately.,Interpret only within its documented applicability and rule version; do not treat null as zero/False unless explicitly defined.,Milestone 2
sale_total_price_analysis_eligible_flag,"Boolean quality, review, censoring, or analytical-eligibility indicator: sale_total_price_analysis_eligible_flag.",N/A (derived),Boolean,none,true | false,Should not be missing after the M2 canonical transformation; missing indicates a pipeline issue.,Created by the canonical Milestone 2 module responsible for this field; Raw source values remain preserved separately.,Interpret only within its documented applicability and rule version; do not treat null as zero/False unless explicitly defined.,Milestone 2
sale_price_per_sqm_final_eligible_flag,"Boolean quality, review, censoring, or analytical-eligibility indicator: sale_price_per_sqm_final_eligible_flag.",N/A (derived),Boolean,none,true | false,Should not be missing after the M2 canonical transformation; missing indicates a pipeline issue.,Created by the canonical Milestone 2 module responsible for this field; Raw source values remain preserved separately.,Interpret only within its documented applicability and rule version; do not treat null as zero/False unless explicitly defined.,Milestone 2
rent_final_eligible_flag,"Boolean quality, review, censoring, or analytical-eligibility indicator: rent_final_eligible_flag.",N/A (derived),Boolean,none,true | false,Should not be missing after the M2 canonical transformation; missing indicates a pipeline issue.,Created by the canonical Milestone 2 module responsible for this field; Raw source values remain preserved separately.,Interpret only within its documented applicability and rule version; do not treat null as zero/False unless explicitly defined.,Milestone 2
supply_analysis_eligible_flag,"Boolean quality, review, censoring, or analytical-eligibility indicator: supply_analysis_eligible_flag.",N/A (derived),Boolean,none,true | false,Should not be missing after the M2 canonical transformation; missing indicates a pipeline issue.,Created by the canonical Milestone 2 module responsible for this field; Raw source values remain preserved separately.,Interpret only within its documented applicability and rule version; do not treat null as zero/False unless explicitly defined.,Milestone 2
geo_aggregate_map_eligible_flag,"Boolean quality, review, censoring, or analytical-eligibility indicator: geo_aggregate_map_eligible_flag.",N/A (derived),Boolean,none,true | false,Should not be missing after the M2 canonical transformation; missing indicates a pipeline issue.,Created by the canonical Milestone 2 module responsible for this field; Raw source values remain preserved separately.,Interpret only within its documented applicability and rule version; do not treat null as zero/False unless explicitly defined.,Milestone 2
map_analysis_eligible_flag,"Boolean quality, review, censoring, or analytical-eligibility indicator: map_analysis_eligible_flag.",N/A (derived),Boolean,none,true | false,Should not be missing after the M2 canonical transformation; missing indicates a pipeline issue.,Created by the canonical Milestone 2 module responsible for this field; Raw source values remain preserved separately.,Interpret only within its documented applicability and rule version; do not treat null as zero/False unless explicitly defined.,Milestone 2
sale_price_final_toman,Canonical/typed monetary field sale_price_final_toman in the project's assumed toman unit.,N/A (derived),Int64,toman,documented by source/domain rule; null when unavailable or not applicable,"Null means unavailable, unknown, invalid for the metric, or not applicable under the field contract.",Created by the canonical Milestone 2 module responsible for this field; Raw source values remain preserved separately.,Interpret only within its documented applicability and rule version; do not treat null as zero/False unless explicitly defined.,Milestone 2
sale_price_per_sqm_final_toman,Final eligible sale asking price per square meter in assumed toman.,N/A (derived),Float64,toman,documented by source/domain rule; null when unavailable or not applicable,"Null means unavailable, unknown, invalid for the metric, or not applicable under the field contract.",Created by the canonical Milestone 2 module responsible for this field; Raw source values remain preserved separately.,Interpret only within its documented applicability and rule version; do not treat null as zero/False unless explicitly defined.,Milestone 2
monthly_rent_final_toman,Canonical/typed monetary field monthly_rent_final_toman in the project's assumed toman unit.,N/A (derived),Int64,toman,documented by source/domain rule; null when unavailable or not applicable,"Null means unavailable, unknown, invalid for the metric, or not applicable under the field contract.",Created by the canonical Milestone 2 module responsible for this field; Raw source values remain preserved separately.,Interpret only within its documented applicability and rule version; do not treat null as zero/False unless explicitly defined.,Milestone 2
deposit_final_toman,Canonical/typed monetary field deposit_final_toman in the project's assumed toman unit.,N/A (derived),Int64,toman,documented by source/domain rule; null when unavailable or not applicable,"Null means unavailable, unknown, invalid for the metric, or not applicable under the field contract.",Created by the canonical Milestone 2 module responsible for this field; Raw source values remain preserved separately.,Interpret only within its documented applicability and rule version; do not treat null as zero/False unless explicitly defined.,Milestone 2
rent_equivalent_monthly_low_toman,Canonical/typed monetary field rent_equivalent_monthly_low_toman in the project's assumed toman unit.,N/A (derived),Int64,toman,documented by source/domain rule; null when unavailable or not applicable,"Null means unavailable, unknown, invalid for the metric, or not applicable under the field contract.",Created by the canonical Milestone 2 module responsible for this field; Raw source values remain preserved separately.,Interpret only within its documented applicability and rule version; do not treat null as zero/False unless explicitly defined.,Milestone 2
rent_equivalent_monthly_base_toman,Base-scenario monthly equivalent asking rent combining rent and deposit.,N/A (derived),Int64,toman,documented by source/domain rule; null when unavailable or not applicable,"Null means unavailable, unknown, invalid for the metric, or not applicable under the field contract.",Created by the canonical Milestone 2 module responsible for this field; Raw source values remain preserved separately.,Interpret only within its documented applicability and rule version; do not treat null as zero/False unless explicitly defined.,Milestone 2
rent_equivalent_monthly_high_toman,Canonical/typed monetary field rent_equivalent_monthly_high_toman in the project's assumed toman unit.,N/A (derived),Int64,toman,documented by source/domain rule; null when unavailable or not applicable,"Null means unavailable, unknown, invalid for the metric, or not applicable under the field contract.",Created by the canonical Milestone 2 module responsible for this field; Raw source values remain preserved separately.,Interpret only within its documented applicability and rule version; do not treat null as zero/False unless explicitly defined.,Milestone 2
rent_equivalent_deposit_low_toman,Canonical/typed monetary field rent_equivalent_deposit_low_toman in the project's assumed toman unit.,N/A (derived),Int64,toman,documented by source/domain rule; null when unavailable or not applicable,"Null means unavailable, unknown, invalid for the metric, or not applicable under the field contract.",Created by the canonical Milestone 2 module responsible for this field; Raw source values remain preserved separately.,Interpret only within its documented applicability and rule version; do not treat null as zero/False unless explicitly defined.,Milestone 2
rent_equivalent_deposit_base_toman,Canonical/typed monetary field rent_equivalent_deposit_base_toman in the project's assumed toman unit.,N/A (derived),Int64,toman,documented by source/domain rule; null when unavailable or not applicable,"Null means unavailable, unknown, invalid for the metric, or not applicable under the field contract.",Created by the canonical Milestone 2 module responsible for this field; Raw source values remain preserved separately.,Interpret only within its documented applicability and rule version; do not treat null as zero/False unless explicitly defined.,Milestone 2
rent_equivalent_deposit_high_toman,Canonical/typed monetary field rent_equivalent_deposit_high_toman in the project's assumed toman unit.,N/A (derived),Int64,toman,documented by source/domain rule; null when unavailable or not applicable,"Null means unavailable, unknown, invalid for the metric, or not applicable under the field contract.",Created by the canonical Milestone 2 module responsible for this field; Raw source values remain preserved separately.,Interpret only within its documented applicability and rule version; do not treat null as zero/False unless explicitly defined.,Milestone 2
rent_equivalent_rule_version,Canonical M2 derived field: rent_equivalent_rule_version.,N/A (derived),String,none,versioned project rule identifier,Should not be missing for published Silver rows.,Created by the canonical Milestone 2 module responsible for this field; Raw source values remain preserved separately.,Interpret only within its documented applicability and rule version; do not treat null as zero/False unless explicitly defined.,Milestone 2
price_unit,Operational currency-unit status; source remains unconfirmed.,N/A (derived),String,none,documented by source/domain rule; null when unavailable or not applicable,"Null means unavailable, unknown, invalid for the metric, or not applicable under the field contract.",Created by the canonical Milestone 2 module responsible for this field; Raw source values remain preserved separately.,Interpret only within its documented applicability and rule version; do not treat null as zero/False unless explicitly defined.,Milestone 2
price_observation_type,Asking-price observation label; not transaction price.,N/A (derived),String,none,documented by source/domain rule; null when unavailable or not applicable,"Null means unavailable, unknown, invalid for the metric, or not applicable under the field contract.",Created by the canonical Milestone 2 module responsible for this field; Raw source values remain preserved separately.,Interpret only within its documented applicability and rule version; do not treat null as zero/False unless explicitly defined.,Milestone 2
quality_issue_count,Canonical M2 derived field: quality_issue_count.,N/A (derived),UInt16,count,documented by source/domain rule; null when unavailable or not applicable,"Null means unavailable, unknown, invalid for the metric, or not applicable under the field contract.",Created by the canonical Milestone 2 module responsible for this field; Raw source values remain preserved separately.,Interpret only within its documented applicability and rule version; do not treat null as zero/False unless explicitly defined.,Milestone 2
record_quality_review_flag,"Boolean quality, review, censoring, or analytical-eligibility indicator: record_quality_review_flag.",N/A (derived),Boolean,none,true | false,Should not be missing after the M2 canonical transformation; missing indicates a pipeline issue.,Created by the canonical Milestone 2 module responsible for this field; Raw source values remain preserved separately.,Interpret only within its documented applicability and rule version; do not treat null as zero/False unless explicitly defined.,Milestone 2
quality_rule_version,Canonical M2 derived field: quality_rule_version.,N/A (derived),String,none,versioned project rule identifier,Should not be missing for published Silver rows.,Created by the canonical Milestone 2 module responsible for this field; Raw source values remain preserved separately.,Interpret only within its documented applicability and rule version; do not treat null as zero/False unless explicitly defined.,Milestone 2
silver_master_version,Version identifier of the published canonical Silver Master schema/rules.,N/A (derived),String,none,versioned project rule identifier,Should not be missing for published Silver rows.,Created by the canonical Milestone 2 module responsible for this field; Raw source values remain preserved separately.,Interpret only within its documented applicability and rule version; do not treat null as zero/False unless explicitly defined.,Milestone 2
